timeStamp,elapsed,label,responseCode,responseMessage,threadName,dataType,success,failureMessage,bytes,sentBytes,grpThreads,allThreads,URL,Latency,IdleTime,Connect
1694254066646,1101,Home,200,OK,Performance Test 1-6,text,true,,279399,244,10,10,https://www.simplilearn.com/,91,0,46
1694254066646,91,Home-0,301,Moved Permanently,Performance Test 1-6,text,true,,569,122,10,10,http://www.simplilearn.com/,91,0,46
1694254066738,1009,Home-1,200,OK,Performance Test 1-6,text,true,,278830,122,10,10,https://www.simplilearn.com/,254,0,161
1694254066321,1426,Home,200,OK,Performance Test 1-3,text,true,,279399,244,10,10,https://www.simplilearn.com/,89,0,45
1694254066321,89,Home-0,301,Moved Permanently,Performance Test 1-3,text,true,,569,122,10,10,http://www.simplilearn.com/,89,0,45
1694254066411,1336,Home-1,200,OK,Performance Test 1-3,text,true,,278830,122,10,10,https://www.simplilearn.com/,603,0,467
1694254066213,1585,Home,200,OK,Performance Test 1-1,text,true,,279399,244,10,10,https://www.simplilearn.com/,179,0,124
1694254066213,182,Home-0,301,Moved Permanently,Performance Test 1-1,text,true,,569,122,10,10,http://www.simplilearn.com/,179,0,124
1694254066397,1401,Home-1,200,OK,Performance Test 1-1,text,true,,278830,122,10,10,https://www.simplilearn.com/,782,0,684
1694254066227,1584,Home,200,OK,Performance Test 1-2,text,true,,279476,244,10,10,https://www.simplilearn.com/,164,0,109
1694254066227,167,Home-0,301,Moved Permanently,Performance Test 1-2,text,true,,569,122,10,10,http://www.simplilearn.com/,164,0,109
1694254066397,1414,Home-1,200,OK,Performance Test 1-2,text,true,,278907,122,10,10,https://www.simplilearn.com/,522,0,428
1694254066521,1301,Home,200,OK,Performance Test 1-5,text,true,,279422,244,10,10,https://www.simplilearn.com/,86,0,43
1694254066521,86,Home-0,301,Moved Permanently,Performance Test 1-5,text,true,,569,122,10,10,http://www.simplilearn.com/,86,0,43
1694254066608,1214,Home-1,200,OK,Performance Test 1-5,text,true,,278853,122,10,10,https://www.simplilearn.com/,639,0,476
1694254066820,1006,Home,200,OK,Performance Test 1-8,text,true,,279398,244,10,10,https://www.simplilearn.com/,87,0,43
1694254066820,87,Home-0,301,Moved Permanently,Performance Test 1-8,text,true,,569,122,10,10,http://www.simplilearn.com/,87,0,43
1694254066908,918,Home-1,200,OK,Performance Test 1-8,text,true,,278829,122,10,10,https://www.simplilearn.com/,188,0,95
1694254066427,1515,Home,200,OK,Performance Test 1-4,text,true,,279406,244,10,10,https://www.simplilearn.com/,87,0,44
1694254066427,87,Home-0,301,Moved Permanently,Performance Test 1-4,text,true,,569,122,10,10,http://www.simplilearn.com/,87,0,44
1694254066515,1427,Home-1,200,OK,Performance Test 1-4,text,true,,278837,122,10,10,https://www.simplilearn.com/,758,0,572
1694254066920,1103,Home,200,OK,Performance Test 1-9,text,true,,279398,244,10,10,https://www.simplilearn.com/,83,0,42
1694254066920,83,Home-0,301,Moved Permanently,Performance Test 1-9,text,true,,569,122,10,10,http://www.simplilearn.com/,83,0,42
1694254067004,1019,Home-1,200,OK,Performance Test 1-9,text,true,,278829,122,10,10,https://www.simplilearn.com/,345,0,92
1694254067018,1151,Home,200,OK,Performance Test 1-10,text,true,,279399,244,10,10,https://www.simplilearn.com/,85,0,43
1694254067018,85,Home-0,301,Moved Permanently,Performance Test 1-10,text,true,,569,122,10,10,http://www.simplilearn.com/,85,0,43
1694254067104,1065,Home-1,200,OK,Performance Test 1-10,text,true,,278830,122,10,10,https://www.simplilearn.com/,550,0,337
1694254067750,843,Resources,200,OK,Performance Test 1-6,text,true,,228550,395,10,10,https://www.simplilearn.com/resources,55,0,0
1694254067750,55,Resources-0,301,Moved Permanently,Performance Test 1-6,text,true,,579,132,10,10,http://www.simplilearn.com/resources/,55,0,0
1694254067805,238,Resources-1,301,Moved Permanently,Performance Test 1-6,text,true,,442,132,10,10,https://www.simplilearn.com/resources/,238,0,0
1694254068044,549,Resources-2,200,OK,Performance Test 1-6,text,true,,227529,131,10,10,https://www.simplilearn.com/resources,383,0,0
1694254067750,851,Resources,200,OK,Performance Test 1-3,text,true,,228557,395,10,10,https://www.simplilearn.com/resources,55,0,0
1694254067750,55,Resources-0,301,Moved Permanently,Performance Test 1-3,text,true,,579,132,10,10,http://www.simplilearn.com/resources/,55,0,0
1694254067805,243,Resources-1,301,Moved Permanently,Performance Test 1-3,text,true,,442,132,10,10,https://www.simplilearn.com/resources/,243,0,0
1694254068048,553,Resources-2,200,OK,Performance Test 1-3,text,true,,227536,131,10,10,https://www.simplilearn.com/resources,394,0,0
1694254068024,789,Resources,200,OK,Performance Test 1-9,text,true,,228605,395,10,10,https://www.simplilearn.com/resources,42,0,0
1694254068024,42,Resources-0,301,Moved Permanently,Performance Test 1-9,text,true,,579,132,10,10,http://www.simplilearn.com/resources/,42,0,0
1694254068066,44,Resources-1,301,Moved Permanently,Performance Test 1-9,text,true,,441,132,10,10,https://www.simplilearn.com/resources/,44,0,0
1694254068110,703,Resources-2,200,OK,Performance Test 1-9,text,true,,227585,131,10,10,https://www.simplilearn.com/resources,325,0,0
1694254067812,1127,Resources,200,OK,Performance Test 1-2,text,true,,228327,395,10,10,https://www.simplilearn.com/resources,43,0,0
1694254067812,43,Resources-0,301,Moved Permanently,Performance Test 1-2,text,true,,579,132,10,10,http://www.simplilearn.com/resources/,43,0,0
1694254067855,815,Resources-1,301,Moved Permanently,Performance Test 1-2,text,true,,442,132,10,10,https://www.simplilearn.com/resources/,815,0,0
1694254068671,268,Resources-2,200,OK,Performance Test 1-2,text,true,,227306,131,10,10,https://www.simplilearn.com/resources,53,0,0
1694254067827,1152,Resources,200,OK,Performance Test 1-8,text,true,,228318,395,10,10,https://www.simplilearn.com/resources,42,0,0
1694254067827,43,Resources-0,301,Moved Permanently,Performance Test 1-8,text,true,,579,132,10,10,http://www.simplilearn.com/resources/,42,0,0
1694254067870,800,Resources-1,301,Moved Permanently,Performance Test 1-8,text,true,,442,132,10,10,https://www.simplilearn.com/resources/,800,0,0
1694254068671,308,Resources-2,200,OK,Performance Test 1-8,text,true,,227297,131,10,10,https://www.simplilearn.com/resources,107,0,0
1694254067799,1468,Resources,200,OK,Performance Test 1-1,text,true,,228327,395,10,10,https://www.simplilearn.com/resources,44,0,0
1694254067799,44,Resources-0,301,Moved Permanently,Performance Test 1-1,text,true,,579,132,10,10,http://www.simplilearn.com/resources/,44,0,0
1694254067843,802,Resources-1,301,Moved Permanently,Performance Test 1-1,text,true,,442,132,10,10,https://www.simplilearn.com/resources/,802,0,0
1694254068646,621,Resources-2,200,OK,Performance Test 1-1,text,true,,227306,131,10,10,https://www.simplilearn.com/resources,110,0,0
1694254067822,1653,Resources,200,OK,Performance Test 1-5,text,true,,228326,395,10,10,https://www.simplilearn.com/resources,42,0,0
1694254067822,42,Resources-0,301,Moved Permanently,Performance Test 1-5,text,true,,579,132,10,10,http://www.simplilearn.com/resources/,42,0,0
1694254067864,801,Resources-1,301,Moved Permanently,Performance Test 1-5,text,true,,442,132,10,10,https://www.simplilearn.com/resources/,801,0,0
1694254068666,809,Resources-2,200,OK,Performance Test 1-5,text,true,,227305,131,10,10,https://www.simplilearn.com/resources,155,0,0
1694254066739,2745,Home,200,OK,Performance Test 1-7,text,true,,279398,244,10,10,https://www.simplilearn.com/,337,0,43
1694254066739,337,Home-0,301,Moved Permanently,Performance Test 1-7,text,true,,569,122,10,10,http://www.simplilearn.com/,337,0,43
1694254067076,2408,Home-1,200,OK,Performance Test 1-7,text,true,,278829,122,10,10,https://www.simplilearn.com/,626,0,204
1694254068170,1557,Resources,200,OK,Performance Test 1-10,text,true,,228488,395,10,10,https://www.simplilearn.com/resources,45,0,0
1694254068170,45,Resources-0,301,Moved Permanently,Performance Test 1-10,text,true,,579,132,10,10,http://www.simplilearn.com/resources/,45,0,0
1694254068215,47,Resources-1,301,Moved Permanently,Performance Test 1-10,text,true,,441,132,10,10,https://www.simplilearn.com/resources/,47,0,0
1694254068262,1465,Resources-2,200,OK,Performance Test 1-10,text,true,,227468,131,10,10,https://www.simplilearn.com/resources,864,0,0
1694254067942,2158,Resources,200,OK,Performance Test 1-4,text,true,,228327,395,10,10,https://www.simplilearn.com/resources,43,0,0
1694254067942,43,Resources-0,301,Moved Permanently,Performance Test 1-4,text,true,,579,132,10,10,http://www.simplilearn.com/resources/,43,0,0
1694254067985,804,Resources-1,301,Moved Permanently,Performance Test 1-4,text,true,,442,132,10,10,https://www.simplilearn.com/resources/,804,0,0
1694254068789,1311,Resources-2,200,OK,Performance Test 1-4,text,true,,227306,131,10,10,https://www.simplilearn.com/resources,117,0,0
1694254069484,2220,Resources,200,OK,Performance Test 1-7,text,true,,228333,395,10,10,https://www.simplilearn.com/resources,42,0,0
1694254069484,42,Resources-0,301,Moved Permanently,Performance Test 1-7,text,true,,579,132,10,10,http://www.simplilearn.com/resources/,42,0,0
1694254069527,110,Resources-1,301,Moved Permanently,Performance Test 1-7,text,true,,449,132,10,10,https://www.simplilearn.com/resources/,110,0,0
1694254069637,2067,Resources-2,200,OK,Performance Test 1-7,text,true,,227305,131,10,10,https://www.simplilearn.com/resources,235,0,0
1694254068593,8847,Reviews,200,OK,Performance Test 1-6,text,true,,1327013,389,10,10,https://www.simplilearn.com/reviews,44,0,0
1694254068593,44,Reviews-0,301,Moved Permanently,Performance Test 1-6,text,true,,577,130,10,10,http://www.simplilearn.com/reviews/,44,0,0
1694254068637,883,Reviews-1,301,Moved Permanently,Performance Test 1-6,text,true,,712,130,10,10,https://www.simplilearn.com/reviews/,883,0,0
1694254069520,7920,Reviews-2,200,OK,Performance Test 1-6,text,true,,1325724,129,10,10,https://www.simplilearn.com/reviews,6427,0,0
1694254068939,11608,Reviews,200,OK,Performance Test 1-2,text,true,,1327151,389,9,9,https://www.simplilearn.com/reviews,43,0,0
1694254068939,43,Reviews-0,301,Moved Permanently,Performance Test 1-2,text,true,,577,130,9,9,http://www.simplilearn.com/reviews/,43,0,0
1694254068982,894,Reviews-1,301,Moved Permanently,Performance Test 1-2,text,true,,712,130,9,9,https://www.simplilearn.com/reviews/,894,0,0
1694254069876,10671,Reviews-2,200,OK,Performance Test 1-2,text,true,,1325862,129,9,9,https://www.simplilearn.com/reviews,8231,0,0
1694254068601,12222,Reviews,200,OK,Performance Test 1-3,text,true,,1327221,389,8,8,https://www.simplilearn.com/reviews,328,0,0
1694254068601,328,Reviews-0,301,Moved Permanently,Performance Test 1-3,text,true,,577,130,8,8,http://www.simplilearn.com/reviews/,328,0,0
1694254068929,879,Reviews-1,301,Moved Permanently,Performance Test 1-3,text,true,,712,130,8,8,https://www.simplilearn.com/reviews/,879,0,0
1694254069808,11015,Reviews-2,200,OK,Performance Test 1-3,text,true,,1325932,129,8,8,https://www.simplilearn.com/reviews,7730,0,0
1694254069268,12507,Reviews,200,OK,Performance Test 1-1,text,true,,1327041,389,7,7,https://www.simplilearn.com/reviews,318,0,0
1694254069268,318,Reviews-0,301,Moved Permanently,Performance Test 1-1,text,true,,577,130,7,7,http://www.simplilearn.com/reviews/,318,0,0
1694254069586,42,Reviews-1,301,Moved Permanently,Performance Test 1-1,text,true,,719,130,7,7,https://www.simplilearn.com/reviews/,42,0,0
1694254069629,12146,Reviews-2,200,OK,Performance Test 1-1,text,true,,1325745,129,7,7,https://www.simplilearn.com/reviews,6862,0,0
1694254068980,13930,Reviews,200,OK,Performance Test 1-8,text,true,,1326978,389,6,6,https://www.simplilearn.com/reviews,42,0,0
1694254068980,42,Reviews-0,301,Moved Permanently,Performance Test 1-8,text,true,,577,130,6,6,http://www.simplilearn.com/reviews/,42,0,0
1694254069022,1086,Reviews-1,301,Moved Permanently,Performance Test 1-8,text,true,,712,130,6,6,https://www.simplilearn.com/reviews/,1086,0,0
1694254070108,12802,Reviews-2,200,OK,Performance Test 1-8,text,true,,1325689,129,6,6,https://www.simplilearn.com/reviews,8274,0,0
1694254069727,14618,Reviews,200,OK,Performance Test 1-10,text,true,,1326895,389,5,5,https://www.simplilearn.com/reviews,315,0,0
1694254069727,315,Reviews-0,301,Moved Permanently,Performance Test 1-10,text,true,,577,130,5,5,http://www.simplilearn.com/reviews/,315,0,0
1694254070043,47,Reviews-1,301,Moved Permanently,Performance Test 1-10,text,true,,711,130,5,5,https://www.simplilearn.com/reviews/,47,0,0
1694254070090,14255,Reviews-2,200,OK,Performance Test 1-10,text,true,,1325607,129,5,5,https://www.simplilearn.com/reviews,8148,0,0
1694254069475,16412,Reviews,200,OK,Performance Test 1-5,text,true,,1327149,389,4,4,https://www.simplilearn.com/reviews,43,0,0
1694254069475,43,Reviews-0,301,Moved Permanently,Performance Test 1-5,text,true,,577,130,4,4,http://www.simplilearn.com/reviews/,43,0,0
1694254069518,43,Reviews-1,301,Moved Permanently,Performance Test 1-5,text,true,,719,130,4,4,https://www.simplilearn.com/reviews/,43,0,0
1694254069562,16325,Reviews-2,200,OK,Performance Test 1-5,text,true,,1325853,129,4,4,https://www.simplilearn.com/reviews,6788,0,0
1694254070100,16309,Reviews,200,OK,Performance Test 1-4,text,true,,1326968,389,3,3,https://www.simplilearn.com/reviews,46,0,0
1694254070100,46,Reviews-0,301,Moved Permanently,Performance Test 1-4,text,true,,577,130,3,3,http://www.simplilearn.com/reviews/,46,0,0
1694254070147,47,Reviews-1,301,Moved Permanently,Performance Test 1-4,text,true,,711,130,3,3,https://www.simplilearn.com/reviews/,47,0,0
1694254070195,16214,Reviews-2,200,OK,Performance Test 1-4,text,true,,1325680,129,3,3,https://www.simplilearn.com/reviews,7864,0,0
1694254068814,22901,Reviews,200,OK,Performance Test 1-9,text,true,,1326998,389,2,2,https://www.simplilearn.com/reviews,329,0,0
1694254068814,329,Reviews-0,301,Moved Permanently,Performance Test 1-9,text,true,,577,130,2,2,http://www.simplilearn.com/reviews/,329,0,0
1694254069143,1131,Reviews-1,301,Moved Permanently,Performance Test 1-9,text,true,,712,130,2,2,https://www.simplilearn.com/reviews/,1131,0,0
1694254070274,21441,Reviews-2,200,OK,Performance Test 1-9,text,true,,1325709,129,2,2,https://www.simplilearn.com/reviews,8228,0,0
1694254071706,23228,Reviews,200,OK,Performance Test 1-7,text,true,,1327101,389,1,1,https://www.simplilearn.com/reviews,43,0,0
1694254071706,43,Reviews-0,301,Moved Permanently,Performance Test 1-7,text,true,,577,130,1,1,http://www.simplilearn.com/reviews/,43,0,0
1694254071749,49,Reviews-1,301,Moved Permanently,Performance Test 1-7,text,true,,719,130,1,1,https://www.simplilearn.com/reviews/,49,0,0
1694254071798,23136,Reviews-2,200,OK,Performance Test 1-7,text,true,,1325805,129,1,1,https://www.simplilearn.com/reviews,6785,0,0
